gkz,bezirkname,alle Krebsarten:diff_rate,alle Krebsarten:rate,alle Krebsarten:rate_at,Bauchspeicheldrüsenkrebs:diff_rate,Bauchspeicheldrüsenkrebs:rate,Bauchspeicheldrüsenkrebs:rate_at,Brustkrebs:diff_rate,Brustkrebs:rate,Brustkrebs:rate_at,Darmkrebs:diff_rate,Darmkrebs:rate,Darmkrebs:rate_at,Eierstockkrebs:diff_rate,Eierstockkrebs:rate,Eierstockkrebs:rate_at,Leukämie:diff_rate,Leukämie:rate,Leukämie:rate_at,Lungenkrebs:diff_rate,Lungenkrebs:rate,Lungenkrebs:rate_at,Magenkrebs:diff_rate,Magenkrebs:rate,Magenkrebs:rate_at,Prostatakrebs:diff_rate,Prostatakrebs:rate,Prostatakrebs:rate_at
0,Österreich,0,200.45,200.45,0,16.76,16.76,0,33.06,33.06,0,20.68,20.68,0,10.59,10.59,0,7.23,7.23,0,29.18,29.18,0,8.22,8.22,0,0,0
101,Eisenstadt(Stadt) /Eisenstadt Umgebung /Rust,-3.789999999999992,196.66,200.45,-1.0200000000000014,15.74,16.76,-2.870000000000001,30.19,33.06,3.780000000000001,24.46,20.68,0.870000000000001,11.46,10.59,0.9800000000000004,8.21,7.23,-2.469999999999999,26.71,29.18,-1.9700000000000006,6.25,8.22,0,0,0
104,Güssing,-3.339999999999975,197.11,200.45,2.049999999999997,18.81,16.76,-2.360000000000003,30.7,33.06,0.120000000000001,20.8,20.68,1.1899999999999995,11.78,10.59,2.0700000000000003,9.3,7.23,-6.73,22.45,29.18,4.25,12.47,8.22,0,0,0
105,Jennersdorf,2.0400000000000205,202.49,200.45,1.4699999999999989,18.23,16.76,13.509999999999998,46.57,33.06,-6.049999999999999,14.63,20.68,-4.42,6.17,10.59,-1.5100000000000007,5.72,7.23,-7.109999999999999,22.07,29.18,8.729999999999999,16.95,8.22,0,0,0
106,Mattersburg,-15.199999999999989,185.25,200.45,0.5999999999999979,17.36,16.76,1.2899999999999991,34.35,33.06,2.990000000000002,23.67,20.68,-2.6799999999999997,7.91,10.59,0.7199999999999998,7.95,7.23,-9.280000000000001,19.9,29.18,-1.3000000000000007,6.92,8.22,0,0,0
107,Neusiedl am See,-21.869999999999976,178.58,200.45,-1.5200000000000014,15.24,16.76,-1.0200000000000031,32.04,33.06,-3.0799999999999983,17.6,20.68,-1.9499999999999993,8.64,10.59,-0.9400000000000004,6.29,7.23,-6.210000000000001,22.97,29.18,0.8499999999999996,9.07,8.22,0,0,0
108,Oberpullendorf,-22.92999999999998,177.52,200.45,-1.3500000000000014,15.41,16.76,-4.260000000000002,28.8,33.06,-2.219999999999999,18.46,20.68,1.870000000000001,12.46,10.59,-1.2000000000000002,6.03,7.23,-11.27,17.91,29.18,0.33999999999999986,8.56,8.22,0,0,0
109,Oberwart,-0.21999999999999886,200.23,200.45,4.75,21.51,16.76,2,35.06,33.06,-2.539999999999999,18.14,20.68,0.9600000000000009,11.55,10.59,2.24,9.47,7.23,-9.7,19.48,29.18,0.16999999999999993,8.39,8.22,0,0,0
201,Klagenfurt (Stadt),8.160000000000025,208.61,200.45,-0.4700000000000024,16.29,16.76,-3.7600000000000016,29.3,33.06,-3.9400000000000013,16.74,20.68,-0.9800000000000004,9.61,10.59,-0.75,6.48,7.23,15.229999999999997,44.41,29.18,-0.9900000000000002,7.23,8.22,0,0,0
202,Villach(Stadt),-1.5300000000000011,198.92,200.45,2.419999999999998,19.18,16.76,-0.45000000000000284,32.61,33.06,-2.3999999999999986,18.28,20.68,-1.1099999999999994,9.48,10.59,-1.0700000000000003,6.16,7.23,5.43,34.61,29.18,0.4900000000000002,8.71,8.22,0,0,0
203,Hermagor,-21.599999999999994,178.85,200.45,-2.080000000000002,14.68,16.76,4.8699999999999974,37.93,33.06,-2.16,18.52,20.68,-4.63,5.96,10.59,0.21999999999999975,7.45,7.23,-12.059999999999999,17.12,29.18,-4.120000000000001,4.1,8.22,0,0,0
204,Klagenfurt Land,-8.579999999999984,191.87,200.45,3.09,19.85,16.76,-8.670000000000002,24.39,33.06,-8.54,12.14,20.68,-0.8900000000000006,9.7,10.59,-0.8700000000000001,6.36,7.23,1.3500000000000014,30.53,29.18,3.0299999999999994,11.25,8.22,0,0,0
205,Sankt Veit an der Glan,-3.269999999999982,197.18,200.45,0.5399999999999991,17.3,16.76,-3.610000000000003,29.45,33.06,-5.84,14.84,20.68,1.3499999999999996,11.94,10.59,-0.9100000000000001,6.32,7.23,-4.879999999999999,24.3,29.18,2.76,10.98,8.22,0,0,0
206,Spittal an der Drau,-15.289999999999992,185.16,200.45,3.879999999999999,20.64,16.76,-5.610000000000003,27.45,33.06,-5.859999999999999,14.82,20.68,1.33,11.92,10.59,-0.3700000000000001,6.86,7.23,-3.0599999999999987,26.12,29.18,4.93,13.15,8.22,0,0,0
207,Villach Land,-10.619999999999976,189.83,200.45,3.8999999999999986,20.66,16.76,1.019999999999996,34.08,33.06,-2.9800000000000004,17.7,20.68,0.10999999999999943,10.7,10.59,0.7999999999999989,8.03,7.23,-7.509999999999998,21.67,29.18,2.83,11.05,8.22,0,0,0
208,Völkermarkt,-8.47999999999999,191.97,200.45,-1.4400000000000013,15.32,16.76,-11.030000000000001,22.03,33.06,-4.879999999999999,15.8,20.68,1.2300000000000004,11.82,10.59,0.34999999999999964,7.58,7.23,3.270000000000003,32.45,29.18,1.4900000000000002,9.71,8.22,0,0,0
209,Wolfsberg,-10.899999999999977,189.55,200.45,2.59,19.35,16.76,-6.230000000000004,26.83,33.06,-1.7399999999999984,18.94,20.68,-0.009999999999999787,10.58,10.59,-0.010000000000000675,7.22,7.23,-3.1400000000000006,26.04,29.18,2.0999999999999996,10.32,8.22,0,0,0
210,Feldkirchen,0.37000000000000455,200.82,200.45,7.449999999999999,24.21,16.76,-6.840000000000003,26.22,33.06,-2.8599999999999994,17.82,20.68,-0.27999999999999936,10.31,10.59,2.799999999999999,10.03,7.23,-2.620000000000001,26.56,29.18,-0.34000000000000075,7.88,8.22,0,0,0
301,Krems an der Donau(Stadt),10.960000000000008,211.41,200.45,5.479999999999997,22.24,16.76,9.409999999999997,42.47,33.06,2.5,23.18,20.68,-2.0600000000000005,8.53,10.59,0.3199999999999994,7.55,7.23,-0.48999999999999844,28.69,29.18,0.6999999999999993,8.92,8.22,0,0,0
302,Sankt Pölten(Stadt),15.930000000000007,216.38,200.45,1.379999999999999,18.14,16.76,-0.7800000000000011,32.28,33.06,1.1499999999999986,21.83,20.68,3.76,14.35,10.59,-0.6900000000000004,6.54,7.23,8.869999999999997,38.05,29.18,-0.8200000000000003,7.4,8.22,0,0,0
303,Waidhofen an der Ybbs(Stadt),-17.22,183.23,200.45,-0.38000000000000256,16.38,16.76,-5.670000000000002,27.39,33.06,-2.1099999999999994,18.57,20.68,-6.5,4.09,10.59,-2.74,4.49,7.23,-5.629999999999999,23.55,29.18,-0.4800000000000004,7.74,8.22,0,0,0
304,Wiener Neustadt(Stadt),78.87,279.32,200.45,7.1199999999999974,23.88,16.76,13.39,46.45,33.06,4.780000000000001,25.46,20.68,2.8599999999999994,13.45,10.59,-0.27000000000000046,6.96,7.23,20.5,49.68,29.18,1.8699999999999992,10.09,8.22,0,0,0
305,Amstetten,-22.079999999999984,178.37,200.45,-2.2600000000000016,14.5,16.76,0.3999999999999986,33.46,33.06,-1.9299999999999997,18.75,20.68,0.6099999999999994,11.2,10.59,-0.40000000000000036,6.83,7.23,-9.39,19.79,29.18,-2.450000000000001,5.77,8.22,0,0,0
306,Baden,7.200000000000017,207.65,200.45,2.2399999999999984,19,16.76,0.4899999999999949,33.55,33.06,-0.05999999999999872,20.62,20.68,-0.9900000000000002,9.6,10.59,2.2799999999999994,9.51,7.23,3.5799999999999983,32.76,29.18,-0.009999999999999787,8.21,8.22,0,0,0
307,Bruck an der Leitha,5.570000000000022,206.02,200.45,-5.160000000000002,11.6,16.76,-1.2000000000000028,31.86,33.06,4.949999999999999,25.63,20.68,0.15000000000000036,10.74,10.59,-0.40000000000000036,6.83,7.23,5.3699999999999974,34.55,29.18,0.1399999999999988,8.36,8.22,0,0,0
308,Gänserndorf,7.0400000000000205,207.49,200.45,1.3299999999999983,18.09,16.76,2.739999999999995,35.8,33.06,3.620000000000001,24.3,20.68,-3.2,7.39,10.59,-1.4800000000000004,5.75,7.23,1.0800000000000018,30.26,29.18,2.049999999999999,10.27,8.22,0,0,0
309,Gmünd,-6.780000000000001,193.67,200.45,-6.280000000000001,10.48,16.76,-4.050000000000001,29.01,33.06,2.469999999999999,23.15,20.68,2.24,12.83,10.59,2.719999999999999,9.95,7.23,-9.45,19.73,29.18,0.02999999999999936,8.25,8.22,0,0,0
310,Hollabrunn,-9.869999999999976,190.58,200.45,-5.810000000000002,10.95,16.76,-5.740000000000002,27.32,33.06,3.2600000000000016,23.94,20.68,2.4000000000000004,12.99,10.59,1.75,8.98,7.23,-3.919999999999998,25.26,29.18,-0.4800000000000004,7.74,8.22,0,0,0
311,Horn,16.600000000000023,217.05,200.45,-0.030000000000001137,16.73,16.76,4.729999999999997,37.79,33.06,6.030000000000001,26.71,20.68,-0.2699999999999996,10.32,10.59,-1.1600000000000001,6.07,7.23,-9.129999999999999,20.05,29.18,-0.3000000000000007,7.92,8.22,0,0,0
312,Korneuburg,15.670000000000016,216.12,200.45,-0.8800000000000008,15.88,16.76,3.1400000000000006,36.2,33.06,2.7300000000000004,23.41,20.68,1.25,11.84,10.59,0.5499999999999998,7.78,7.23,4.600000000000001,33.78,29.18,-1.8500000000000005,6.37,8.22,0,0,0
313,Krems (Land),-33.22,167.23,200.45,-2.450000000000001,14.31,16.76,-6.120000000000001,26.94,33.06,0.14999999999999858,20.83,20.68,-0.5399999999999991,10.05,10.59,0.5499999999999998,7.78,7.23,-16.09,13.09,29.18,-3.6800000000000006,4.54,8.22,0,0,0
314,Lilienfeld,-25.129999999999995,175.32,200.45,-0.14000000000000057,16.62,16.76,-2.8500000000000014,30.21,33.06,-8.09,12.59,20.68,2.2300000000000004,12.82,10.59,-1.6800000000000006,5.55,7.23,-10.05,19.13,29.18,1.1199999999999992,9.34,8.22,0,0,0
315,Melk,20.930000000000007,221.38,200.45,-4.650000000000002,12.11,16.76,9.049999999999997,42.11,33.06,2.4499999999999993,23.13,20.68,-0.2599999999999998,10.33,10.59,0.9900000000000002,8.22,7.23,-0.9400000000000013,28.24,29.18,-1.2100000000000009,7.01,8.22,0,0,0
316,Mistelbach,38.95000000000002,239.4,200.45,5.989999999999998,22.75,16.76,6.439999999999998,39.5,33.06,8.149999999999999,28.83,20.68,0.1999999999999993,10.79,10.59,1.5899999999999999,8.82,7.23,-5.27,23.91,29.18,2.3599999999999994,10.58,8.22,0,0,0
317,Mödling,-1.0300000000000011,199.42,200.45,1.6699999999999982,18.43,16.76,2.030000000000001,35.09,33.06,3.629999999999999,24.31,20.68,-1.2200000000000006,9.37,10.59,-1.6700000000000008,5.56,7.23,2.09,31.27,29.18,-1.9800000000000004,6.24,8.22,0,0,0
318,Neunkirchen,-1.2399999999999807,199.21,200.45,-0.16000000000000014,16.6,16.76,-1.610000000000003,31.45,33.06,4.16,24.84,20.68,-1.0500000000000007,9.54,10.59,-2.1500000000000004,5.08,7.23,1.2699999999999996,30.45,29.18,-2.1800000000000006,6.04,8.22,0,0,0
319,Sankt Pölten(Land),-4.549999999999983,195.9,200.45,1.879999999999999,18.64,16.76,-2.3800000000000026,30.68,33.06,1.6000000000000014,22.28,20.68,-1.4800000000000004,9.11,10.59,0.2599999999999998,7.49,7.23,-3.509999999999998,25.67,29.18,-0.040000000000000924,8.18,8.22,0,0,0
320,Scheibbs,-15.689999999999998,184.76,200.45,-1.3400000000000016,15.42,16.76,-5.0000000000000036,28.06,33.06,1.0700000000000003,21.75,20.68,1.75,12.34,10.59,1.3499999999999996,8.58,7.23,-15.17,14.01,29.18,-1.080000000000001,7.14,8.22,0,0,0
321,Tulln,24.610000000000014,225.06,200.45,0.5899999999999999,17.35,16.76,5.710000000000001,38.77,33.06,4.5,25.18,20.68,1.67,12.26,10.59,-1.0200000000000005,6.21,7.23,2.969999999999999,32.15,29.18,2.8999999999999986,11.12,8.22,0,0,0
322,Waidhofen an der Thaya,-6.069999999999993,194.38,200.45,-1.7500000000000018,15.01,16.76,5.140000000000001,38.2,33.06,2.0500000000000007,22.73,20.68,-1.9399999999999995,8.65,10.59,-1.2800000000000002,5.95,7.23,-5.370000000000001,23.81,29.18,-4.610000000000001,3.61,8.22,0,0,0
323,Wiener Neustadt(Land),-2.8100000000000023,197.64,200.45,-0.5300000000000011,16.23,16.76,0.46000000000000085,33.52,33.06,1.4299999999999997,22.11,20.68,-1.5600000000000005,9.03,10.59,-0.2600000000000007,6.97,7.23,-4.059999999999999,25.12,29.18,-2.870000000000001,5.35,8.22,0,0,0
324,Wien-Umgebung,17.04000000000002,217.49,200.45,1.4399999999999977,18.2,16.76,5.43,38.49,33.06,4.030000000000001,24.71,20.68,0.620000000000001,11.21,10.59,1.2699999999999996,8.5,7.23,6.200000000000003,35.38,29.18,-0.660000000000001,7.56,8.22,0,0,0
325,Zwettl,-18.919999999999987,181.53,200.45,0.9699999999999989,17.73,16.76,-2.870000000000001,30.19,33.06,-6.16,14.52,20.68,-3.25,7.34,10.59,-1.12,6.11,7.23,-11.690000000000001,17.49,29.18,5.49,13.71,8.22,0,0,0
401,Linz(Stadt),6.8300000000000125,207.28,200.45,-1.0000000000000018,15.76,16.76,1.0599999999999952,34.12,33.06,0.39000000000000057,21.07,20.68,1.6400000000000006,12.23,10.59,0.8099999999999987,8.04,7.23,4.030000000000001,33.21,29.18,-0.8600000000000003,7.36,8.22,0,0,0
402,Steyr(Stadt),20.25,220.7,200.45,-2.660000000000002,14.1,16.76,9.11,42.17,33.06,10,30.68,20.68,-0.35999999999999943,10.23,10.59,-1.04,6.19,7.23,3.740000000000002,32.92,29.18,-3.4000000000000004,4.82,8.22,0,0,0
403,Wels(Stadt),-5.429999999999978,195.02,200.45,-0.3100000000000023,16.45,16.76,4.109999999999999,37.17,33.06,2.9499999999999993,23.63,20.68,-1.5099999999999998,9.08,10.59,-0.9100000000000001,6.32,7.23,2.330000000000002,31.51,29.18,0.019999999999999574,8.24,8.22,0,0,0
404,Braunau am Inn,-16.549999999999983,183.9,200.45,-1.1100000000000012,15.65,16.76,-1.7900000000000027,31.27,33.06,0.120000000000001,20.8,20.68,-0.8499999999999996,9.74,10.59,0.8699999999999992,8.1,7.23,-10.690000000000001,18.49,29.18,3.84,12.06,8.22,0,0,0
405,Eferding,-28.129999999999995,172.32,200.45,-2.8000000000000007,13.96,16.76,-1.6900000000000013,31.37,33.06,-6.959999999999999,13.72,20.68,-2.9299999999999997,7.66,10.59,1.5599999999999987,8.79,7.23,-8.469999999999999,20.71,29.18,-3.8000000000000007,4.42,8.22,0,0,0
406,Freistadt,-21.75999999999999,178.69,200.45,-1.6700000000000017,15.09,16.76,-5.110000000000003,27.95,33.06,-0.6099999999999994,20.07,20.68,1.08,11.67,10.59,0.16999999999999993,7.4,7.23,-9.419999999999998,19.76,29.18,1.58,9.8,8.22,0,0,0
407,Gmunden,-5.7099999999999795,194.74,200.45,-1.5300000000000011,15.23,16.76,1.3399999999999963,34.4,33.06,-0.46000000000000085,20.22,20.68,-1.879999999999999,8.71,10.59,1.9399999999999995,9.17,7.23,-3.6900000000000013,25.49,29.18,-0.4200000000000008,7.8,8.22,0,0,0
408,Grieskirchen,-36.609999999999985,163.84,200.45,-4.480000000000002,12.28,16.76,-6.760000000000002,26.3,33.06,-8.219999999999999,12.46,20.68,4.5,15.09,10.59,-2.7300000000000004,4.5,7.23,-14.15,15.03,29.18,0.2599999999999998,8.48,8.22,0,0,0
409,Kirchdorf an der Krems,-16.919999999999987,183.53,200.45,-0.8200000000000021,15.94,16.76,1.0799999999999983,34.14,33.06,-2.9400000000000013,17.74,20.68,2.3200000000000003,12.91,10.59,1.1799999999999997,8.41,7.23,-10.39,18.79,29.18,-0.6300000000000008,7.59,8.22,0,0,0
410,Linz-Land,-13.819999999999993,186.63,200.45,-4.840000000000002,11.92,16.76,0.8099999999999952,33.87,33.06,-2.3999999999999986,18.28,20.68,-1.0500000000000007,9.54,10.59,0.5099999999999998,7.74,7.23,-3.7399999999999984,25.44,29.18,-1.830000000000001,6.39,8.22,0,0,0
411,Perg,-8.299999999999983,192.15,200.45,-5.710000000000001,11.05,16.76,2.6999999999999957,35.76,33.06,3.4800000000000004,24.16,20.68,2.8100000000000005,13.4,10.59,1.7400000000000002,8.97,7.23,-9.45,19.73,29.18,0.5399999999999991,8.76,8.22,0,0,0
412,Ried im Innkreis,-28.349999999999994,172.1,200.45,1.1199999999999974,17.88,16.76,-4.510000000000002,28.55,33.06,-2.289999999999999,18.39,20.68,3.0199999999999996,13.61,10.59,-2.8600000000000003,4.37,7.23,-12.940000000000001,16.24,29.18,3.469999999999999,11.69,8.22,0,0,0
413,Rohrbach,-47.869999999999976,152.58,200.45,-3.410000000000002,13.35,16.76,-11.490000000000002,21.57,33.06,-2.3000000000000007,18.38,20.68,2.290000000000001,12.88,10.59,1.2899999999999991,8.52,7.23,-14.61,14.57,29.18,0.97999999999999865,9.2,8.22,0,0,0
414,Schärding,-18.419999999999987,182.03,200.45,0.5399999999999991,17.3,16.76,-5.740000000000002,27.32,33.06,-2.219999999999999,18.46,20.68,1.3900000000000006,11.98,10.59,-2.08,5.15,7.23,-10.91,18.27,29.18,2.2799999999999994,10.5,8.22,0,0,0
415,Steyr-Land,-19.599999999999994,180.85,200.45,-2.4700000000000024,14.29,16.76,-5.210000000000001,27.85,33.06,-0.10999999999999943,20.57,20.68,0.17999999999999972,10.77,10.59,-1.5900000000000007,5.64,7.23,-7.850000000000001,21.33,29.18,1.4699999999999989,9.69,8.22,0,0,0
416,Urfahr-Umgebung,-29.47,170.98,200.45,-1.450000000000001,15.31,16.76,-5.040000000000003,28.02,33.06,-3.3900000000000006,17.29,20.68,-1.92,8.67,10.59,-1.1800000000000006,6.05,7.23,-10.469999999999999,18.71,29.18,0.8199999999999985,9.04,8.22,0,0,0
417,Vöcklabruck,4.410000000000025,204.86,200.45,-1.9600000000000009,14.8,16.76,6.049999999999997,39.11,33.06,0.6000000000000014,21.28,20.68,-0.9299999999999997,9.66,10.59,-1.8900000000000006,5.34,7.23,-3.710000000000001,25.47,29.18,0.72999999999999865,8.95,8.22,0,0,0
418,Wels-Land,-21.829999999999984,178.62,200.45,-1.3300000000000018,15.43,16.76,-3.320000000000004,29.74,33.06,1.240000000000002,21.92,20.68,0.1999999999999993,10.79,10.59,0.45999999999999996,7.69,7.23,-9.620000000000001,19.56,29.18,1.42,9.64,8.22,0,0,0
501,Salzburg(Stadt),-1.7199999999999989,198.73,200.45,1.5699999999999967,18.33,16.76,-0.060000000000002274,33,33.06,-0.6799999999999997,20,20.68,0.3200000000000003,10.91,10.59,-0.03000000000000025,7.2,7.23,1.1000000000000014,30.28,29.18,-0.28000000000000025,7.94,8.22,0,0,0
502,Hallein,-14.679999999999978,185.77,200.45,-2.960000000000001,13.8,16.76,-0.03999999999999915,33.02,33.06,-0.23000000000000043,20.45,20.68,-0.129999999999999,10.46,10.59,0.8599999999999994,8.09,7.23,-8.39,20.79,29.18,5.08,13.3,8.22,0,0,0
503,Salzburg-Umgebung,-18.639999999999986,181.81,200.45,1.2199999999999989,17.98,16.76,-1.4100000000000037,31.65,33.06,0.6900000000000013,21.37,20.68,1.0600000000000005,11.65,10.59,-2.3000000000000007,4.93,7.23,-8.329999999999998,20.85,29.18,-2.870000000000001,5.35,8.22,0,0,0
504,Sankt Johann im Pongau,-29.149999999999977,171.3,200.45,-2.280000000000001,14.48,16.76,-5.360000000000003,27.7,33.06,-5.92,14.76,20.68,1.1999999999999993,11.79,10.59,1.5700000000000003,8.8,7.23,-9.469999999999999,19.71,29.18,1.1899999999999995,9.41,8.22,0,0,0
505,Tamsweg,-50.78,149.67,200.45,-3.130000000000001,13.63,16.76,-13.120000000000001,19.94,33.06,-10.78,9.9,20.68,0.5500000000000007,11.14,10.59,-0.33000000000000007,6.9,7.23,-11.530000000000001,17.65,29.18,4.729999999999999,12.95,8.22,0,0,0
506,Zell am See,-26.579999999999984,173.87,200.45,0.6699999999999982,17.43,16.76,-7.230000000000004,25.83,33.06,-3.8999999999999986,16.78,20.68,-4.09,6.5,10.59,0.5999999999999996,7.83,7.23,-11.059999999999999,18.12,29.18,1.049999999999999,9.27,8.22,0,0,0
601,Graz(Stadt),7.910000000000025,208.36,200.45,-2.290000000000001,14.47,16.76,4.530000000000001,37.59,33.06,-1.6099999999999994,19.07,20.68,-0.7099999999999991,9.88,10.59,0.5299999999999994,7.76,7.23,4.090000000000003,33.27,29.18,-1.200000000000001,7.02,8.22,0,0,0
603,Deutschlandsberg,0.5400000000000205,200.99,200.45,-3.5200000000000014,13.24,16.76,-7.400000000000002,25.66,33.06,3.4400000000000013,24.12,20.68,-3.54,7.05,10.59,2.3599999999999994,9.59,7.23,-6.719999999999999,22.46,29.18,-1.2300000000000004,6.99,8.22,0,0,0
606,Graz-Umgebung,-4.1699999999999875,196.28,200.45,-0.6000000000000014,16.16,16.76,-1.9400000000000013,31.12,33.06,-3.2399999999999984,17.44,20.68,-0.3200000000000003,10.27,10.59,-0.8400000000000007,6.39,7.23,-0.8999999999999986,28.28,29.18,-0.6900000000000004,7.53,8.22,0,0,0
610,Leibnitz,-9.049999999999983,191.4,200.45,0.029999999999997584,16.79,16.76,-6.160000000000004,26.9,33.06,-0.14999999999999858,20.53,20.68,1.7100000000000009,12.3,10.59,-3.1900000000000004,4.04,7.23,-6.02,23.16,29.18,2.49,10.71,8.22,0,0,0
611,Leoben,-6.099999999999994,194.35,200.45,-1.3600000000000012,15.4,16.76,-2.320000000000004,30.74,33.06,-1.0199999999999996,19.66,20.68,0.09999999999999964,10.69,10.59,0.5,7.73,7.23,-2.7699999999999996,26.41,29.18,1.3699999999999992,9.59,8.22,0,0,0
612,Liezen,-15.649999999999977,184.8,200.45,-2.980000000000002,13.78,16.76,-4.490000000000002,28.57,33.06,1.6499999999999986,22.33,20.68,-0.16999999999999993,10.42,10.59,2.4000000000000004,9.63,7.23,-5.93,23.25,29.18,0.6899999999999995,8.91,8.22,0,0,0
614,Murau,-38,162.45,200.45,-3.870000000000001,12.89,16.76,-10.970000000000002,22.09,33.06,-7.48,13.2,20.68,5.24,15.83,10.59,-2.6500000000000004,4.58,7.23,-7.809999999999999,21.37,29.18,-0.3000000000000007,7.92,8.22,0,0,0
616,Voitsberg,9.29000000000002,209.74,200.45,-1.5600000000000023,15.2,16.76,4.93,37.99,33.06,-4.050000000000001,16.63,20.68,3.0299999999999994,13.62,10.59,-1.9100000000000001,5.32,7.23,-3.469999999999999,25.71,29.18,3.7699999999999996,11.99,8.22,0,0,0
617,Weiz,-17.560000000000002,182.89,200.45,-3.3100000000000023,13.45,16.76,-5.310000000000002,27.75,33.06,-3.039999999999999,17.64,20.68,1.2799999999999994,11.87,10.59,-1.3800000000000008,5.85,7.23,-11.989999999999998,17.19,29.18,0.8599999999999994,9.08,8.22,0,0,0
620,Murtal,4.710000000000008,205.16,200.45,2.4899999999999984,19.25,16.76,1.2299999999999969,34.29,33.06,-1.4499999999999993,19.23,20.68,0.7900000000000009,11.38,10.59,-0.15000000000000036,7.08,7.23,-0.6000000000000014,28.58,29.18,2.209999999999999,10.43,8.22,0,0,0
621,Bruck-Mürzzuschlag,-2.519999999999982,197.93,200.45,-1.240000000000002,15.52,16.76,-5.0000000000000036,28.06,33.06,-2.129999999999999,18.55,20.68,1.0199999999999996,11.61,10.59,1.459999999999999,8.69,7.23,-2.25,26.93,29.18,1.0899999999999999,9.31,8.22,0,0,0
622,Hartberg-Fürstenfeld,-12.689999999999998,187.76,200.45,-0.08000000000000185,16.68,16.76,-2.370000000000001,30.69,33.06,-2.419999999999998,18.26,20.68,1.370000000000001,11.96,10.59,-0.75,6.48,7.23,-11.579999999999998,17.6,29.18,3.119999999999999,11.34,8.22,0,0,0
623,Südoststeiermark,-1.3699999999999761,199.08,200.45,-3.7200000000000024,13.04,16.76,1.4199999999999946,34.48,33.06,3.66,24.34,20.68,-2.4299999999999997,8.16,10.59,2.219999999999999,9.45,7.23,-9.93,19.25,29.18,0.6399999999999988,8.86,8.22,0,0,0
701,Innsbruck-Stadt,8.820000000000022,209.27,200.45,-1.3800000000000008,15.38,16.76,-3.870000000000001,29.19,33.06,-1.7899999999999991,18.89,20.68,1.6300000000000008,12.22,10.59,0.13999999999999968,7.37,7.23,12.07,41.25,29.18,-2.0300000000000002,6.19,8.22,0,0,0
702,Imst,-3.839999999999975,196.61,200.45,4.899999999999999,21.66,16.76,-5.810000000000002,27.25,33.06,-5.640000000000001,15.04,20.68,-0.2599999999999998,10.33,10.59,2.539999999999999,9.77,7.23,6.109999999999999,35.29,29.18,4.799999999999999,13.02,8.22,0,0,0
703,Innsbruck-Land,-6.429999999999978,194.02,200.45,1.3999999999999986,18.16,16.76,0.8999999999999986,33.96,33.06,-2.719999999999999,17.96,20.68,-1.9100000000000001,8.68,10.59,-1.6500000000000004,5.58,7.23,-1.2100000000000009,27.97,29.18,2.879999999999999,11.1,8.22,0,0,0
704,Kitzbühel,-28.19999999999999,172.25,200.45,-4.140000000000002,12.62,16.76,-6.2500000000000036,26.81,33.06,0.21000000000000085,20.89,20.68,5.52,16.11,10.59,-1.2800000000000002,5.95,7.23,-7.109999999999999,22.07,29.18,-2.8000000000000007,5.42,8.22,0,0,0
705,Kufstein,-24.299999999999983,176.15,200.45,-1.5100000000000016,15.25,16.76,-4.090000000000003,28.97,33.06,-6.34,14.34,20.68,2.6500000000000004,13.24,10.59,-0.8700000000000001,6.36,7.23,-8.509999999999998,20.67,29.18,-1.6500000000000004,6.57,8.22,0,0,0
706,Landeck,-18.819999999999993,181.63,200.45,2.479999999999997,19.24,16.76,-7.010000000000002,26.05,33.06,-3.460000000000001,17.22,20.68,1.6099999999999994,12.2,10.59,-0.8100000000000005,6.42,7.23,-4.809999999999999,24.37,29.18,1.6999999999999993,9.92,8.22,0,0,0
707,Lienz,-20.00999999999999,180.44,200.45,4.25,21.01,16.76,-3.6300000000000026,29.43,33.06,-4.59,16.09,20.68,2.6999999999999993,13.29,10.59,0.05999999999999961,7.29,7.23,-9.399999999999999,19.78,29.18,-0.3600000000000003,7.86,8.22,0,0,0
708,Reutte,-9.25,191.2,200.45,0.46999999999999886,17.23,16.76,0.509999999999998,33.57,33.06,1.9499999999999993,22.63,20.68,2.1899999999999995,12.78,10.59,3.049999999999999,10.28,7.23,-7.989999999999998,21.19,29.18,-1.8800000000000008,6.34,8.22,0,0,0
709,Schwaz,-13.419999999999987,187.03,200.45,-2.3100000000000023,14.45,16.76,-4.310000000000002,28.75,33.06,-5.68,15,20.68,0.08999999999999986,10.68,10.59,-1.8200000000000003,5.41,7.23,0.6799999999999997,29.86,29.18,-0.6900000000000004,7.53,8.22,0,0,0
801,Bludenz,-1.5600000000000023,198.89,200.45,-2.9700000000000024,13.79,16.76,-0.10000000000000142,32.96,33.06,-0.620000000000001,20.06,20.68,-2,8.59,10.59,-1.9000000000000004,5.33,7.23,-1.509999999999998,27.67,29.18,1.3699999999999992,9.59,8.22,0,0,0
802,Bregenz,-15.879999999999995,184.57,200.45,-3.4200000000000017,13.34,16.76,-1.4600000000000009,31.6,33.06,-1.0300000000000011,19.65,20.68,-1.4000000000000004,9.19,10.59,-0.3800000000000008,6.85,7.23,-4.77,24.41,29.18,-1.4200000000000008,6.8,8.22,0,0,0
803,Dornbirn,-22.22,178.23,200.45,-5.000000000000002,11.76,16.76,-1.3400000000000034,31.72,33.06,-0.35999999999999943,20.32,20.68,-2.08,8.51,10.59,-1.5300000000000002,5.7,7.23,-1.3299999999999983,27.85,29.18,-2.7700000000000005,5.45,8.22,0,0,0
804,Feldkirch,-17.289999999999992,183.16,200.45,-2.820000000000002,13.94,16.76,-1.2800000000000011,31.78,33.06,-4.210000000000001,16.47,20.68,-1.209999999999999,9.38,10.59,-0.1800000000000006,7.05,7.23,-2.370000000000001,26.81,29.18,-1.3100000000000005,6.91,8.22,0,0,0
901,"Wien 1.,Innere Stadt",8.490000000000009,208.94,200.45,0.16999999999999815,16.93,16.76,-2.5000000000000036,30.56,33.06,-0.00999999999999801,20.67,20.68,-0.9700000000000006,9.62,10.59,-0.6000000000000005,6.63,7.23,11.200000000000003,40.38,29.18,-1.1000000000000005,7.12,8.22,0,0,0
902,"Wien 2.,Leopoldstadt",34.55000000000001,235,200.45,3.1499999999999986,19.91,16.76,0.37999999999999545,33.44,33.06,6.84,27.52,20.68,-0.2699999999999996,10.32,10.59,-1.0100000000000007,6.22,7.23,17.520000000000003,46.7,29.18,-1.5600000000000005,6.66,8.22,0,0,0
903,"Wien 3.,Landstraße",11.580000000000013,212.03,200.45,-3.160000000000002,13.6,16.76,-0.7199999999999989,32.34,33.06,-0.019999999999999574,20.66,20.68,-0.4399999999999995,10.15,10.59,0.8099999999999987,8.04,7.23,12.850000000000001,42.03,29.18,0.7899999999999991,9.01,8.22,0,0,0
904,"Wien 4.,Wieden",41.07000000000002,241.52,200.45,0.00999999999999801,16.77,16.76,6.640000000000001,39.7,33.06,1.6999999999999993,22.38,20.68,7.170000000000002,17.76,10.59,0.8699999999999992,8.1,7.23,7.649999999999999,36.83,29.18,-1.1500000000000004,7.07,8.22,0,0,0
905,"Wien 5.,Margareten",34.93000000000001,235.38,200.45,5.52,22.28,16.76,4.739999999999995,37.8,33.06,4.460000000000001,25.14,20.68,0.08000000000000007,10.67,10.59,-0.41000000000000014,6.82,7.23,14.020000000000003,43.2,29.18,1.9900000000000002,10.21,8.22,0,0,0
906,"Wien 6.,Mariahilf",24.97,225.42,200.45,5.279999999999998,22.04,16.76,7.159999999999997,40.22,33.06,2.490000000000002,23.17,20.68,2.49,13.08,10.59,-0.7100000000000009,6.52,7.23,6.990000000000002,36.17,29.18,-2.660000000000001,5.56,8.22,0,0,0
907,"Wien 7.,Neubau",-4.539999999999992,195.91,200.45,2.049999999999997,18.81,16.76,-1.4100000000000037,31.65,33.06,0.8900000000000006,21.57,20.68,-5.87,4.72,10.59,-0.1800000000000006,7.05,7.23,6.920000000000002,36.1,29.18,-3.540000000000001,4.68,8.22,0,0,0
908,"Wien 8.,Josefstadt",42.22,242.67,200.45,-1.3000000000000007,15.46,16.76,5.099999999999994,38.16,33.06,2.780000000000001,23.46,20.68,-3.5999999999999996,6.99,10.59,5.379999999999999,12.61,7.23,11.329999999999998,40.51,29.18,0.6699999999999999,8.89,8.22,0,0,0
909,"Wien 9.,Alsergrund",34.60000000000002,235.05,200.45,-5.220000000000002,11.54,16.76,13,46.06,33.06,1.8300000000000018,22.51,20.68,3.17,13.76,10.59,0.5,7.73,7.23,14.030000000000001,43.21,29.18,-0.4900000000000002,7.73,8.22,0,0,0
910,"Wien 10.,Favoriten",34.18000000000001,234.63,200.45,4.709999999999997,21.47,16.76,7.659999999999997,40.72,33.06,3.469999999999999,24.15,20.68,-1.5899999999999999,9,10.59,-0.6900000000000004,6.54,7.23,12.399999999999999,41.58,29.18,-0.14000000000000057,8.08,8.22,0,0,0
911,"Wien 11.,Simmering",56.24000000000001,256.69,200.45,3.349999999999998,20.11,16.76,9.199999999999996,42.26,33.06,9.620000000000001,30.3,20.68,0.35999999999999943,10.95,10.59,0.25,7.48,7.23,19.07,48.25,29.18,0.2400000000000002,8.46,8.22,0,0,0
912,"Wien 12.,Meidling",35.120000000000005,235.57,200.45,1.5199999999999996,18.28,16.76,9.369999999999997,42.43,33.06,7.699999999999999,28.38,20.68,2.4700000000000006,13.06,10.59,-0.8900000000000006,6.34,7.23,10.100000000000001,39.28,29.18,-0.33000000000000096,7.89,8.22,0,0,0
913,"Wien 13.,Hietzing",7.390000000000015,207.84,200.45,7.279999999999998,24.04,16.76,6.6299999999999955,39.69,33.06,3.080000000000002,23.76,20.68,-1.8100000000000005,8.78,10.59,-0.4900000000000002,6.74,7.23,-1.1099999999999994,28.07,29.18,-1.9000000000000004,6.32,8.22,0,0,0
914,"Wien 14.,Penzing",9.610000000000014,210.06,200.45,2.969999999999999,19.73,16.76,-1.1600000000000037,31.9,33.06,3.280000000000001,23.96,20.68,1.7200000000000006,12.31,10.59,1.4299999999999997,8.66,7.23,8.29,37.47,29.18,-1.9300000000000006,6.29,8.22,0,0,0
915,"Wien 15.,Rudolfsheim-Fünfhaus",33.47,233.92,200.45,5.66,22.42,16.76,1.2399999999999949,34.3,33.06,6.940000000000001,27.62,20.68,-3.4799999999999995,7.11,10.59,0.17999999999999972,7.41,7.23,17.299999999999997,46.48,29.18,-0.16000000000000014,8.06,8.22,0,0,0
916,"Wien 16.,Ottakring",22.090000000000003,222.54,200.45,2.0799999999999983,18.84,16.76,2.519999999999996,35.58,33.06,0.9699999999999989,21.65,20.68,-1.3399999999999999,9.25,10.59,1.6999999999999993,8.93,7.23,12.910000000000004,42.09,29.18,-1.5500000000000007,6.67,8.22,0,0,0
917,"Wien 17.,Hernals",18.370000000000005,218.82,200.45,-3.370000000000001,13.39,16.76,12.989999999999995,46.05,33.06,3.580000000000002,24.26,20.68,-4.09,6.5,10.59,2.379999999999999,9.61,7.23,4.840000000000003,34.02,29.18,-2.6100000000000003,5.61,8.22,0,0,0
918,"Wien 18.,Währing",6.930000000000007,207.38,200.45,-1.8300000000000018,14.93,16.76,7.799999999999997,40.86,33.06,2,22.68,20.68,3.2799999999999994,13.87,10.59,-1.5500000000000007,5.68,7.23,10.479999999999997,39.66,29.18,-0.7900000000000009,7.43,8.22,0,0,0
919,"Wien 19.,Döbling",26.100000000000023,226.55,200.45,3.539999999999999,20.3,16.76,3.729999999999997,36.79,33.06,1.8300000000000018,22.51,20.68,0.4800000000000004,11.07,10.59,0.4399999999999995,7.67,7.23,10.829999999999998,40.01,29.18,-2.2600000000000007,5.96,8.22,0,0,0
920,"Wien 20.,Brigittenau",38.56,239.01,200.45,3.5299999999999976,20.29,16.76,2.6400000000000006,35.7,33.06,0.23000000000000043,20.91,20.68,-0.6699999999999999,9.92,10.59,2.6899999999999995,9.92,7.23,20.68,49.86,29.18,0.7400000000000002,8.96,8.22,0,0,0
921,"Wien 21.,Floridsdorf",27.390000000000015,227.84,200.45,1.639999999999997,18.4,16.76,3.9399999999999977,37,33.06,1.1600000000000001,21.84,20.68,-1.17,9.42,10.59,0.6199999999999992,7.85,7.23,16.200000000000003,45.38,29.18,-1.0300000000000002,7.19,8.22,0,0,0
922,"Wien 22.,Donaustadt",25.05000000000001,225.5,200.45,3.719999999999999,20.48,16.76,1.0999999999999943,34.16,33.06,2.789999999999999,23.47,20.68,-1.3399999999999999,9.25,10.59,2.25,9.48,7.23,14.969999999999999,44.15,29.18,-0.47000000000000064,7.75,8.22,0,0,0
923,"Wien 23.,Liesing",16.870000000000005,217.32,200.45,4.43,21.19,16.76,6.469999999999999,39.53,33.06,1.6499999999999986,22.33,20.68,2.210000000000001,12.8,10.59,-1.5700000000000003,5.66,7.23,6.590000000000003,35.77,29.18,0.3099999999999987,8.53,8.22,0,0,0
